mno,id,pw,gender,tel,email
1,Mandy,9012,F,768-825-7521,mwaldocke0@comcast.net
2,Gabby,3480,M,708-509-7170,grozzell1@deviantart.com
3,Olag,1846,M,439-538-9913,oconti2@google.it
4,Felice,7320,M,163-769-4612,feaden3@nasa.gov
5,Chlo,1495,F,173-231-1658,criguard4@printfriendly.com
6,Alyson,7753,F,168-501-9656,apifford5@mac.com
7,Elliott,7086,M,613-265-3668,eduddell6@ucsd.edu
8,Lefty,5853,M,807-270-6748,lholliar7@google.co.jp
9,Jennica,1047,F,165-712-7154,jhawson8@soup.io
10,Rici,6941,F,707-745-0986,rkelsow9@prlog.org
11,Donna,1809,F,670-850-4570,dsmallthwaitea@cpanel.net
12,Raymond,4687,M,473-737-0057,rlewishamb@smh.com.au
13,Nicolis,9052,M,497-730-1028,ntallentc@dedecms.com
14,Laurella,2206,F,102-694-4081,lkordovad@netscape.com
15,Bucky,2343,M,581-168-8359,bdosdalee@sina.com.cn
16,Perceval,3329,M,864-594-1055,pincef@archive.org
17,Buddy,2871,M,872-619-7531,blimeburng@gravatar.com
18,Dean,7892,M,956-302-1914,dblanninh@va.gov
19,Rozele,4013,F,458-888-0888,rveneuri@disqus.com
20,Gussie,3656,F,549-418-9083,garunowiczj@tiny.cc
21,Vernice,7202,F,432-781-6665,vbuzinek@prnewswire.com
22,Willie,9062,M,349-104-8094,wbechel@51.la
23,Kevyn,3009,F,335-814-8231,kboothbym@macromedia.com
24,Addia,3923,F,971-391-9478,amccoskern@paginegialle.it
25,Cad,8067,M,595-281-4788,ctesimono@infoseek.co.jp
26,Yuri,3282,M,111-334-3225,yconwellp@scribd.com
27,Oswald,8666,M,557-653-7675,ogullifantq@imgur.com
28,Domenic,6720,M,641-582-0140,dsyber@trellian.com
29,Jeri,6534,F,142-440-1734,jcowperthwaites@fema.gov
30,Gardiner,5547,M,168-948-2611,gjantont@jimdo.com
31,Marie-jeanne,1204,F,347-945-2413,mdanilinu@sbwire.com
32,Glenine,6793,F,497-928-6781,gvandendaelv@craigslist.org
33,Jazmin,9561,F,610-836-1401,jrobertotw@adobe.com
34,Siward,2649,M,434-247-1870,sorpenx@pinterest.com
35,Mallorie,5331,F,127-224-0163,mcouchery@exblog.jp
36,Coral,8669,F,393-530-7223,cperrettz@tuttocitta.it
37,Anthiathia,6252,F,116-980-7175,acressingham10@symantec.com
38,Nev,5294,M,716-447-7032,nchurching11@ca.gov
39,Yves,3972,M,596-896-2840,ytreves12@bbb.org
40,Kelcey,6705,F,816-746-5392,kgoodswen13@odnoklassniki.ru
41,Goldie,4400,F,357-704-5271,ghargrove14@yale.edu
42,Pascale,3337,M,407-826-9777,pwrassell15@yahoo.co.jp
43,Talya,8220,F,400-402-9532,tslessor16@google.nl
44,Norman,6364,M,151-943-4640,nsyne17@w3.org
45,Tobi,2196,F,422-904-6593,tdingate18@wsj.com
46,Paolina,8842,F,461-460-4175,pbravery19@japanpost.jp
47,Dollie,3228,F,420-234-4993,dallden1a@google.de
48,Kendall,7737,M,926-388-8627,kcanty1b@nationalgeographic.com
49,Mauricio,3548,M,713-371-7779,mbradder1c@ft.com
50,Mike,9769,M,540-145-9455,mlidstone1d@barnesandnoble.com
51,Melisa,6162,F,953-174-4848,mgillhespy1e@icio.us
52,Torrey,9657,M,961-213-9138,tpocke1f@jimdo.com
53,Lauritz,8028,M,858-508-1224,lhowel1g@chron.com
54,Brocky,9390,M,771-791-7520,balgy1h@jimdo.com
55,Rip,8981,M,752-439-8687,rkordovani1i@eventbrite.com
56,Marget,7917,F,111-687-5568,mmoulds1j@ca.gov
57,Chryste,6749,F,797-911-6997,cdaniells1k@ebay.com
58,Scotty,4134,M,821-182-0727,skennington1l@howstuffworks.com
59,Arly,9577,F,400-353-8747,awoolrich1m@nsw.gov.au
60,Peta,1582,F,293-150-3825,ppennock1n@marriott.com
61,Laurent,2133,M,980-918-6439,lkmieciak1o@netlog.com
62,Ethel,2162,F,317-264-4015,emurley1p@japanpost.jp
63,Kiley,7799,M,507-166-3598,kattaway1q@jiathis.com
64,Thom,5663,M,191-599-0087,tvandaalen1r@ustream.tv
65,Jerald,3003,M,670-430-9178,jritchley1s@mozilla.org
66,Tarrance,7231,M,284-414-2375,tpakenham1t@facebook.com
67,Dav,5913,M,120-903-7312,dolenchenko1u@example.com
68,Darice,3019,F,194-141-8122,dseagar1v@list-manage.com
69,Charline,1263,F,304-600-2281,cgillmor1w@sciencedaily.com
70,Emmet,4344,M,228-900-3528,edambrosio1x@qq.com
71,Elvin,7951,M,670-126-1633,epevsner1y@kickstarter.com
72,Dyana,8157,F,459-768-1105,dziems1z@mashable.com
73,Loleta,8975,F,182-245-9202,lsprigging20@a8.net
74,Dottie,2938,F,165-110-1515,dcurrey21@archive.org
75,Fanchette,3259,F,226-292-6323,freiach22@salon.com
76,Garald,3438,M,419-190-5398,gharron23@reddit.com
77,Elie,8446,F,831-955-0788,efeifer24@constantcontact.com
78,Billy,2938,M,812-823-8057,bmaunders25@hhs.gov
79,Danella,5758,F,714-790-4339,dyu26@ebay.com
80,Kimbell,9971,M,685-784-7924,kkment27@rakuten.co.jp
81,Sauncho,1812,M,502-649-9944,spapps28@alibaba.com
82,Carole,7770,F,436-443-1220,cbehrend29@cornell.edu
83,Sara,5323,F,339-924-4712,sgreder2a@friendfeed.com
84,Hodge,3790,M,666-909-9780,hmacgillespie2b@quantcast.com
85,Trixy,1523,F,612-313-4123,thuffadine2c@usnews.com
86,Fawnia,5250,F,251-394-8046,fjagels2d@squarespace.com
87,Jo,2570,M,713-814-4504,jknocker2e@squidoo.com
88,Glennis,3407,F,724-222-9664,gblacklawe2f@g.co
89,Andreas,9696,M,789-347-3244,amoye2g@google.com.au
90,Helaina,7597,F,526-390-8237,hacklands2h@goo.ne.jp
91,Allyce,1611,F,620-234-1146,acrinidge2i@technorati.com
92,Avictor,9816,M,103-271-9181,aringrose2j@thetimes.co.uk
93,Forster,7016,M,282-773-2503,fkeogh2k@w3.org
94,Arda,8269,F,921-568-1093,ahilary2l@creativecommons.org
95,Kale,8893,M,583-568-6353,ktchir2m@scientificamerican.com
96,Pearline,1548,F,933-608-8434,pcrassweller2n@cloudflare.com
97,Travus,5805,M,835-309-3150,tbarton2o@globo.com
98,Teresita,7236,F,474-583-4836,tmcjarrow2p@prweb.com
99,Corissa,3605,F,937-943-1565,cserfati2q@xing.com
100,Monique,5356,F,166-403-3534,mlant2r@de.vu
